[
  {
    "id": "1",
    "title": "Software Engineer",
    "company": "Kingston Tech",
    "location": "Kingston, Jamaica",
    "type": "Full-time",
    "category": "Engineering",
    "min": 28000,
    "max": 42000,
    "posted": "2025-08-10",
    "desc": "Build modern web apps used across the Caribbean.",
    "req": [
      "3+ years JS",
      "React or Vue",
      "API design"
    ]
  },
  {
    "id": "2",
    "title": "Resort Front Desk Supervisor",
    "company": "BlueBay",
    "location": "Montego Bay, Jamaica",
    "type": "Full-time",
    "category": "Hospitality",
    "min": 18000,
    "max": 24000,
    "posted": "2025-08-05",
    "desc": "Lead front desk operations for a premium resort.",
    "req": [
      "Customer service",
      "Scheduling",
      "POS systems"
    ]
  },
  {
    "id": "3",
    "title": "Accountant",
    "company": "CaribFinance Ltd",
    "location": "Port of Spain, Trinidad & Tobago",
    "type": "Contract",
    "category": "Finance",
    "min": 25000,
    "max": 30000,
    "posted": "2025-08-12",
    "desc": "Manage AP/AR and monthly close.",
    "req": [
      "ACCA part-qualified",
      "Excel",
      "QuickBooks"
    ]
  },
  {
    "id": "4",
    "title": "Nurse (Registered)",
    "company": "Island Health",
    "location": "Bridgetown, Barbados",
    "type": "Full-time",
    "category": "Healthcare",
    "min": 30000,
    "max": 38000,
    "posted": "2025-07-30",
    "desc": "Provide patient-centered care.",
    "req": [
      "RN license",
      "BLS/ACLS"
    ]
  },
  {
    "id": "5",
    "title": "Logistics Coordinator (Remote)",
    "company": "CaribShip",
    "location": "Remote",
    "type": "Remote",
    "category": "Logistics",
    "min": 20000,
    "max": 26000,
    "posted": "2025-08-15",
    "desc": "Coordinate shipments across islands.",
    "req": [
      "Scheduling",
      "Customs docs",
      "Great comms"
    ]
  }
]