[
  {
    "slug": "write-a-caribbean-ready-cv",
    "title": "Write a Caribbean\u2011ready CV",
    "date": "2025-08-08",
    "excerpt": "How to tailor your CV for island employers.",
    "content": "# Tips\\n- Keep it concise\\n- Add island-specific experience\\n- Show language and travel flexibility"
  },
  {
    "slug": "ace-hospitality-interviews",
    "title": "Ace hospitality interviews",
    "date": "2025-08-01",
    "excerpt": "Stand out for hotels and resorts.",
    "content": "Bring examples of guest recovery, upselling, and teamwork."
  }
]